quarter_end,unemployment_rate,labor_force_participation,payroll_growth_yoy,wage_growth_yoy,headline_cpi_yoy,core_cpi_yoy,pce_inflation_yoy,oer_inflation_yoy,medical_cpi_yoy,real_gdp_growth_yoy,industrial_production_yoy,consumer_sentiment,retail_sales_yoy,hpi_growth_yoy,housing_starts_yoy,building_permits_yoy,months_supply_homes,rent_inflation_yoy,mortgage30_rate,ust10_rate,high_yield_spread,prime_rate,fed_funds_rate,household_credit_growth_yoy,household_networth_growth_yoy,consumer_delinquency_rate,working_age_pop_growth_yoy,population_growth_yoy
1996-12-31,5.333333,67.000000,120918.333333,12.886667,158.666667,167.133333,69.818667,178.566667,230.833333,12037.775000,76.970467,97.533333,215461.000000,196.010000,1417.000000,1393.666667,5.266667,163.566667,7.703077,6.343333,3.130000,8.250000,5.280000,5316549.000000,30480593.000000,4.600000,169610300.000000,270991.666667
1997-03-31,5.233333,67.000000,121674.000000,13.006667,159.633333,168.100000,70.127000,179.833333,232.333333,12115.472000,78.440500,99.033333,219633.333333,197.630000,1432.666667,1421.000000,4.433333,164.700000,7.793077,6.563333,2.897377,8.266393,5.276667,5396636.000000,30709475.000000,4.700000,170470000.000000,271709.000000
1997-06-30,5.000000,67.100000,122554.666667,13.060000,160.000000,169.166667,70.302667,181.166667,234.000000,12317.221000,79.589067,103.033333,218643.000000,199.280000,1476.000000,1412.333333,4.566667,166.033333,7.926923,6.696667,2.747231,8.500000,5.523333,5478887.000000,32035488.000000,4.730000,170908433.333333,272487.333333
1997-09-30,4.866667,67.166667,123258.333333,13.146667,160.800000,169.900000,70.488000,182.666667,235.100000,12471.010000,81.449133,105.833333,223538.000000,201.990000,1457.666667,1461.000000,4.300000,167.333333,7.470000,6.243333,2.620462,8.500000,5.533333,5576476.000000,32992576.000000,4.700000,171347566.666667,273390.666667
1997-12-31,4.666667,67.166667,124233.000000,13.323333,161.666667,170.866667,70.709667,183.966667,236.933333,12577.495000,83.498733,104.966667,224418.000000,204.610000,1532.000000,1474.666667,4.200000,168.600000,7.205385,5.906667,2.780606,8.500000,5.506667,5656358.000000,33519828.000000,4.810000,171829566.666667,274245.666667
1998-03-31,4.633333,67.100000,124996.000000,13.386667,162.000000,171.900000,70.715000,185.466667,238.766667,12703.742000,84.422700,107.833333,226196.333333,207.690000,1558.666667,1602.333333,4.000000,169.833333,7.050000,5.586667,2.926769,8.500000,5.520000,5765428.000000,35126940.000000,4.760000,172265433.333333,274950.000000
1998-06-30,4.400000,67.000000,125789.333333,13.423333,162.533333,172.866667,70.842667,187.033333,241.100000,12821.339000,84.979800,106.933333,231537.000000,209.520000,1572.333333,1550.666667,3.900000,171.300000,7.097692,5.596667,3.032769,8.500000,5.500000,5888741.000000,35815043.000000,4.760000,172715100.000000,275703.333333
1998-09-30,4.533333,67.066667,126500.333333,13.440000,163.366667,173.900000,71.061667,188.600000,243.300000,12982.752000,85.649567,103.500000,231217.000000,212.470000,1631.333333,1613.666667,4.066667,172.866667,6.872308,5.203333,4.290455,8.496094,5.533333,5978997.000000,35195407.000000,4.720000,173267733.333333,276563.666667
1998-12-31,4.433333,67.166667,127255.333333,13.543333,164.133333,174.866667,71.249000,190.100000,245.333333,13191.670000,86.878500,100.200000,237968.666667,214.980000,1722.333333,1711.000000,3.766667,174.366667,6.764286,4.670000,5.904697,7.919355,4.860000,6110785.000000,37211179.000000,4.740000,173717866.666667,277400.000000
1999-03-31,4.300000,67.133333,128017.000000,13.636667,164.733333,175.633333,71.389333,191.233333,247.233333,13315.597000,87.916200,105.900000,242767.333333,217.230000,1709.333333,1705.666667,4.000000,175.533333,6.877500,4.983333,5.360923,7.750000,4.733333,6252009.000000,37526974.000000,4.660000,174520066.666667,278103.333333
1999-06-30,4.266667,67.100000,128831.000000,13.800000,165.966667,176.466667,71.795667,192.366667,249.333333,13426.748000,88.778967,106.233333,248108.000000,220.120000,1574.333333,1647.333333,3.933333,176.800000,7.181538,5.540000,4.804769,7.750000,4.746667,6394036.000000,38604808.000000,4.580000,175015566.666667,278863.666667
1999-09-30,4.233333,67.033333,129588.333333,13.946667,167.200000,177.400000,72.190667,193.500000,251.700000,13604.771000,89.551867,105.900000,253378.666667,223.250000,1650.666667,1634.666667,4.166667,178.033333,7.786154,5.883333,4.885224,8.102273,5.093333,6531319.000000,38514551.000000,4.600000,175577533.333333,279751.000000
1999-12-31,4.066667,67.066667,130476.000000,14.020000,168.433333,178.400000,72.628667,194.633333,253.966667,13827.980000,91.049400,105.266667,258753.333333,225.540000,1654.666667,1668.000000,4.266667,179.533333,7.840714,6.140000,4.949104,8.376984,5.306667,6680932.000000,40968618.000000,4.550000,176056800.000000,280592.333333
2000-03-31,4.033333,67.300000,131245.333333,14.143333,170.100000,179.566667,73.219000,196.466667,256.600000,13878.147000,91.837433,110.133333,265416.666667,229.850000,1659.000000,1690.000000,4.300000,181.366667,8.256923,6.480000,5.029231,8.694444,5.676667,6845481.000000,42053341.000000,4.430000,178285000.000000,281304.333333
2000-06-30,3.933333,67.166667,132016.666667,14.250000,171.433333,180.700000,73.567667,197.833333,259.300000,14130.908000,92.878333,108.766667,265936.333333,233.610000,1586.666667,1570.666667,4.533333,182.833333,8.316154,6.176667,5.962615,9.250000,6.273333,6973635.000000,42051232.000000,4.510000,178790700.000000,282002.000000
2000-09-30,4.000000,66.900000,132266.666667,14.363333,173.000000,181.900000,74.041667,199.333333,262.300000,14145.312000,92.778700,107.466667,267697.000000,237.860000,1503.666667,1554.666667,4.166667,184.766667,8.020000,5.893333,6.316364,9.500000,6.520000,7140402.000000,42603232.000000,4.530000,179477866.666667,282768.666667
2000-12-31,3.900000,66.900000,132541.333333,14.500000,174.233333,183.000000,74.460333,201.033333,264.800000,14229.765000,92.534400,103.933333,269175.666667,241.500000,1544.000000,1578.000000,3.933333,186.733333,7.620769,5.566667,8.117846,9.500000,6.473333,7248274.000000,42044025.000000,4.570000,179930766.666667,283518.666667
2001-03-31,4.233333,67.166667,132747.333333,14.540000,175.900000,184.333333,75.011667,202.866667,268.300000,14183.120000,91.440533,92.266667,271776.000000,247.490000,1605.000000,1671.333333,3.766667,188.733333,7.006923,5.050000,8.006000,8.620968,5.593333,7370392.000000,41881486.000000,4.810000,180482100.000000,284168.666667
2001-06-30,4.400000,66.766667,132388.333333,14.686667,177.133333,185.466667,75.363333,205.100000,271.366667,14271.694000,90.341000,91.000000,274884.333333,251.630000,1630.000000,1652.333333,4.033333,191.033333,7.130000,5.270000,8.063846,7.343750,4.326667,7552458.000000,43130402.000000,4.940000,181072933.333333,284837.333333
2001-09-30,4.833333,66.700000,131985.000000,14.853333,177.633333,186.733333,75.401333,207.333333,274.100000,14214.516000,89.083867,88.566667,272469.666667,255.530000,1599.666667,1592.666667,4.333333,193.233333,6.963846,4.980000,8.465238,6.571429,3.496667,7794112.000000,42112482.000000,5.000000,181821266.666667,285583.333333
2001-12-31,5.500000,66.700000,131193.000000,14.956667,177.500000,187.966667,75.432000,209.866667,277.300000,14253.574000,88.135867,85.133333,281655.666667,258.700000,1570.000000,1632.333333,4.066667,195.433333,6.770769,4.770000,8.995077,5.180328,2.133333,7891964.000000,43629721.000000,4.690000,182491633.333333,286311.333333
2002-03-31,5.700000,66.633333,130772.333333,15.103333,178.066667,189.000000,75.584000,212.033333,280.533333,14372.785000,88.738000,93.133333,278027.666667,262.400000,1723.000000,1714.333333,4.100000,197.466667,6.971538,5.076667,7.862698,4.750000,1.733333,8083855.000000,44263110.000000,4.940000,182851500.000000,286935.000000
2002-06-30,5.833333,66.666667,130640.000000,15.226667,179.466667,189.966667,76.145000,213.933333,283.733333,14460.848000,90.091367,94.100000,280179.666667,266.880000,1691.000000,1714.333333,4.166667,198.966667,6.813077,5.100000,7.372727,4.750000,1.750000,8233788.000000,43694452.000000,4.780000,183481833.333333,287574.000000
2002-09-30,5.733333,66.600000,130556.000000,15.336667,180.433333,190.966667,76.539000,215.600000,287.233333,14519.633000,90.635400,87.266667,283703.000000,272.170000,1697.333333,1745.333333,4.033333,200.366667,6.289231,4.260000,9.659851,4.750000,1.740000,8435816.000000,42595113.000000,4.890000,184086500.000000,288302.666667
2002-12-31,5.866667,66.433333,130566.000000,15.496667,181.500000,191.833333,76.896333,217.200000,291.033333,14537.580000,90.633533,83.833333,284331.333333,276.040000,1729.666667,1822.000000,4.000000,201.866667,6.075385,4.006667,9.788788,4.456349,1.443333,8668354.000000,43453141.000000,4.840000,184716766.666667,289006.666667
2003-03-31,5.866667,66.366667,130416.333333,15.616667,183.366667,192.466667,77.484000,218.600000,293.033333,14614.141000,91.228333,79.966667,287176.666667,279.390000,1736.000000,1806.333333,4.200000,203.566667,5.840769,3.920000,8.216032,4.250000,1.250000,8893596.000000,43636192.000000,4.680000,185865966.666667,289609.000000
2003-06-30,6.133333,66.433333,130184.333333,15.680000,183.066667,192.800000,77.561667,219.200000,295.100000,14743.567000,90.583800,89.266667,290781.000000,282.810000,1753.666667,1837.666667,3.833333,204.933333,5.506923,3.620000,6.664769,4.242188,1.246667,9251907.000000,45457166.000000,4.530000,186685333.333333,290252.666667
2003-09-30,6.133333,66.133333,130196.666667,15.790000,184.433333,193.566667,78.072667,220.233333,298.500000,14988.782000,91.181367,89.300000,298240.000000,287.170000,1889.666667,1937.333333,3.633333,206.233333,6.033846,4.233333,5.681642,4.000000,1.016667,9489001.000000,46344881.000000,4.240000,187367733.333333,290974.000000
2003-12-31,5.833333,66.033333,130503.333333,15.883333,185.133333,194.066667,78.456667,221.700000,301.600000,15162.760000,92.037233,91.966667,299446.666667,295.280000,2035.666667,1972.333333,3.966667,207.333333,5.919286,4.286667,4.610758,4.000000,0.996667,9749490.000000,48160122.000000,4.430000,187886033.333333,291669.333333
2004-03-31,5.700000,66.033333,130905.000000,15.980000,186.700000,195.000000,79.061667,222.833333,305.166667,15248.680000,92.648233,98.000000,305126.333333,299.930000,1918.333333,1994.666667,3.700000,208.600000,5.597500,4.020000,4.202273,4.000000,1.003333,9987178.000000,50553205.000000,4.210000,187834766.666667,292236.666667
2004-06-30,5.600000,66.000000,131634.333333,16.080000,188.166667,196.233333,79.593667,224.433333,308.733333,15366.850000,93.134100,93.333333,309191.000000,307.260000,1937.333333,2080.000000,3.900000,210.300000,6.106154,4.600000,4.097969,4.003906,1.010000,10281470.000000,51334952.000000,4.150000,188519466.666667,292875.333333
2004-09-30,5.433333,65.966667,131961.333333,16.206667,189.366667,197.066667,79.985000,225.733333,311.833333,15512.619000,93.646433,95.600000,313439.666667,318.970000,1977.000000,2069.666667,4.300000,211.966667,5.894286,4.303333,3.989254,4.425781,1.433333,10534126.000000,52467613.000000,4.070000,189030333.333333,293603.333333
2004-12-31,5.433333,65.933333,132521.333333,16.306667,191.400000,198.266667,80.669000,226.733333,314.833333,15670.880000,94.954767,93.866667,321222.666667,325.810000,1965.333333,2086.000000,4.100000,213.200000,5.736154,4.173333,3.373333,4.944444,1.950000,10880721.000000,54630760.000000,4.030000,189653400.000000,294334.000000
2005-03-31,5.300000,65.866667,132988.666667,16.420000,192.366667,199.500000,81.138000,228.233333,318.333333,15844.727000,96.300600,94.066667,324253.000000,333.300000,2071.666667,2105.000000,4.266667,214.866667,5.768462,4.296667,3.075714,5.447581,2.470000,11119369.000000,55472169.000000,3.700000,190219133.333333,294957.333333
2005-06-30,5.100000,66.100000,133718.333333,16.510000,193.666667,200.433333,81.650667,229.433333,321.766667,15922.782000,96.856233,90.200000,331192.000000,343.980000,2051.333333,2137.666667,4.266667,216.500000,5.708462,4.160000,3.970606,5.917969,2.943333,11439868.000000,56936704.000000,3.670000,190690166.666667,295588.333333
2005-09-30,4.966667,66.133333,134452.333333,16.600000,196.600000,201.100000,82.531667,230.733333,324.533333,16047.587000,96.450467,87.500000,337244.666667,354.400000,2100.000000,2228.333333,4.466667,218.166667,5.763846,4.213333,3.500448,6.433594,3.460000,11756823.000000,58517565.000000,3.900000,191240166.666667,296340.333333
2005-12-31,4.966667,66.033333,134933.333333,16.683333,198.433333,202.433333,83.189000,232.166667,328.266667,16136.734000,97.347933,82.433333,338789.000000,362.440000,2068.666667,2169.333333,4.800000,219.833333,6.226154,4.490000,3.620769,6.971311,3.980000,12053692.000000,59842059.000000,3.540000,191956400.000000,297085.666667
2006-03-31,4.733333,66.100000,135731.000000,16.700000,199.466667,203.700000,83.621333,234.133333,331.133333,16353.835000,98.301333,88.933333,348347.333333,368.170000,2120.333333,2157.000000,5.766667,221.500000,6.246923,4.570000,3.374219,7.439516,4.456667,12451039.000000,61655147.000000,3.860000,192485900.000000,297736.666667
2006-06-30,4.633333,66.133333,136264.000000,16.763333,201.266667,205.366667,84.355000,236.900000,334.933333,16396.151000,98.882800,83.800000,349918.666667,371.970000,1855.000000,1923.333333,6.266667,223.733333,6.602308,5.070000,3.120308,7.902344,4.906667,12806876.000000,61810946.000000,4.130000,192969866.666667,298408.000000
2006-09-30,4.633333,66.133333,136683.666667,16.816667,203.166667,206.766667,84.961667,239.666667,338.033333,16420.738000,99.283600,84.033333,352147.000000,375.020000,1702.333333,1713.333333,6.900000,226.300000,6.560000,4.896667,3.406515,8.250000,5.246667,13092411.000000,62813273.000000,4.120000,193501566.666667,299180.000000
2006-12-31,4.433333,66.300000,137052.000000,16.946667,202.333333,207.833333,84.821667,242.000000,340.666667,16561.866000,99.513533,92.466667,353172.666667,378.870000,1570.000000,1581.000000,6.800000,228.866667,6.243846,4.630000,3.131692,8.250000,5.246667,13347414.000000,64178650.000000,3.950000,193909133.333333,299946.000000
2007-03-31,4.500000,66.300000,137604.000000,17.053333,204.317000,209.051000,85.597000,243.989000,344.942667,16611.690000,100.521533,92.200000,357250.666667,380.270000,1461.333333,1606.666667,7.666667,231.480667,6.214615,4.680000,2.753231,8.250000,5.256667,13550059.000000,65040133.000000,3.980000,195013733.333333,300609.666667
2007-06-30,4.500000,65.966667,137969.000000,17.243333,206.631000,210.065667,86.323667,245.306333,348.441333,16713.314000,101.717767,86.900000,360627.000000,380.030000,1451.000000,1456.666667,7.800000,233.633000,6.358462,4.846667,2.637344,8.250000,5.250000,13857320.000000,65652084.000000,4.020000,195440133.333333,301283.666667
2007-09-30,4.666667,65.933333,138052.666667,17.336667,207.939000,211.148667,86.811667,246.817000,353.208667,16809.587000,101.873200,85.733333,363541.333333,375.780000,1289.000000,1314.333333,8.900000,235.586333,6.551538,4.730000,4.025909,8.178571,5.073333,14059720.000000,66417585.000000,4.410000,195949566.666667,302062.666667
2007-12-31,4.800000,65.933333,138287.666667,17.410000,210.489667,212.635000,87.694333,248.827667,357.667000,16915.191000,102.175467,77.500000,368222.333333,374.550000,1166.000000,1188.333333,9.166667,238.038667,6.224615,4.260000,5.022000,7.528226,4.496667,14243317.000000,65661848.000000,4.600000,196232900.000000,302828.666667
2008-03-31,5.000000,66.100000,138325.000000,17.563333,212.769667,214.043333,88.407667,250.443667,360.915333,16843.003000,101.874067,72.900000,365552.666667,371.790000,1064.000000,1025.000000,9.833333,240.092333,5.872308,3.663333,7.354603,6.189516,3.176667,14411699.000000,63738993.000000,4.770000,196220533.333333,303493.666667
2008-06-30,5.333333,66.033333,137862.333333,17.686667,215.537667,214.973333,89.268667,251.771333,362.800333,16943.291000,100.393133,59.600000,367332.333333,362.400000,1010.666667,1061.000000,10.566667,242.082000,6.086923,3.886667,6.935909,5.082031,2.086667,14362553.000000,62714697.000000,4.900000,196392666.666667,304159.666667
2008-09-30,6.000000,66.066667,137157.000000,17.806667,218.861000,216.357000,90.221333,253.061333,364.991333,16854.295000,97.192200,64.833333,363732.000000,350.990000,862.333333,858.666667,10.900000,244.441667,6.322308,3.863333,8.369851,5.000000,1.940000,14471122.000000,60441831.000000,4.800000,196702133.333333,304902.333333
2008-12-31,6.866667,65.900000,135561.000000,17.946667,213.848667,216.886667,88.780667,254.436000,367.579000,16485.350000,93.009700,57.666667,334467.333333,347.740000,663.000000,638.666667,11.400000,246.487333,5.841429,3.253333,17.691364,4.046875,0.506667,14163366.000000,57467120.000000,5.640000,197184000.000000,305616.666667
2009-03-31,8.266667,65.700000,133295.666667,18.070000,212.377667,217.797000,88.181000,255.738667,370.794000,16298.262000,87.751267,58.266667,326932.333333,350.310000,525.666667,538.666667,11.233333,247.984333,5.060000,2.736667,17.043538,3.250000,0.183333,14109435.000000,55709613.000000,6.510000,197282300.000000,306236.666667
2009-06-30,9.300000,65.700000,131432.000000,18.156667,213.507000,218.907333,88.531333,256.902000,374.204333,16269.145000,85.248933,68.200000,327853.666667,341.130000,534.333333,559.333333,9.500000,249.140667,5.012308,3.313333,12.929077,3.250000,0.180000,14084101.000000,56386218.000000,6.770000,197798866.666667,306866.000000
2009-09-30,9.633333,65.333333,130460.333333,18.340000,215.344000,219.559667,89.142000,257.083667,377.150333,16326.281000,86.583867,68.400000,334751.333333,332.240000,588.333333,606.666667,7.733333,249.321000,5.162308,3.516667,9.250909,3.250000,0.156667,14035615.000000,58133762.000000,6.490000,198042866.666667,307572.666667
2009-12-31,9.933333,64.866667,129976.000000,18.400000,217.030000,220.682667,89.829667,256.711333,380.284000,16502.754000,88.014433,70.166667,336884.000000,329.700000,567.666667,623.333333,7.666667,248.801333,4.922143,3.460000,7.423485,3.250000,0.120000,14002908.000000,58329545.000000,6.330000,198717633.333333,308285.000000
2010-03-31,9.833333,64.866667,129790.666667,18.453333,217.374000,220.715667,90.177000,256.327667,384.254000,16582.710000,89.771100,73.866667,341882.333333,325.770000,618.000000,657.666667,7.833333,248.764000,4.995833,3.716667,6.352154,3.250000,0.133333,13950894.000000,59456680.000000,5.780000,198436100.000000,308901.666667
2010-06-30,9.633333,64.900000,130424.000000,18.550000,217.297333,220.992667,90.316667,256.300333,387.290333,16743.162000,91.471633,73.933333,347747.666667,322.810000,602.000000,599.666667,7.933333,249.118333,4.922308,3.490000,6.380625,3.250000,0.193333,13892582.000000,58764080.000000,5.100000,199006033.333333,309488.333333
2010-09-30,9.466667,64.633333,130391.000000,18.663333,217.934333,221.527667,90.490667,256.604000,389.490000,16872.266000,92.658767,68.300000,349659.666667,325.930000,579.666667,574.000000,8.433333,249.489000,4.447143,2.786667,6.653881,3.250000,0.186667,13791523.000000,60758403.000000,4.580000,199254866.666667,310148.000000
2010-12-31,9.500000,64.433333,130733.333333,18.756667,219.699000,222.107333,91.070333,257.092333,392.658333,16960.864000,93.046633,71.266667,359214.666667,323.620000,542.333333,583.333333,7.800000,250.161000,4.436154,2.863333,5.806866,3.250000,0.186667,13770476.000000,62366592.000000,4.140000,199958966.666667,310817.333333
2011-03-31,9.033333,64.166667,131058.333333,18.896667,222.043667,223.156667,91.835000,257.937333,395.293333,16920.632000,93.556800,73.066667,367548.000000,314.630000,582.333333,567.000000,7.533333,251.521000,4.846923,3.460000,4.875000,3.250000,0.156667,13791266.000000,63421535.000000,3.820000,199339900.000000,311376.000000
2011-06-30,9.066667,64.100000,131744.000000,18.906667,224.568333,224.199667,92.738000,258.764667,398.612667,17035.114000,93.944967,71.866667,373637.333333,309.080000,574.333333,611.666667,6.633333,252.591000,4.650769,3.210000,5.004923,3.250000,0.093333,13740704.000000,63844167.000000,3.650000,199984666.666667,311940.666667
2011-09-30,9.000000,64.100000,132154.000000,18.910000,226.032667,225.732667,93.166667,260.147667,401.376000,17031.313000,95.035667,59.666667,377114.666667,311.370000,619.333333,626.000000,6.500000,254.204333,4.291538,2.426667,6.704478,3.250000,0.083333,13688594.000000,61983063.000000,3.450000,200161866.666667,312606.333333
2011-12-31,8.633333,64.066667,132710.333333,18.973333,227.047333,226.936667,93.474333,261.421667,405.683000,17222.583000,96.020800,64.800000,383204.666667,312.820000,671.666667,691.333333,5.666667,256.219333,4.002308,2.046667,7.673692,3.250000,0.073333,13662120.000000,63305513.000000,3.250000,200359733.333333,313258.000000
2012-03-31,8.266667,63.766667,133500.333333,19.010000,228.326000,228.129667,94.094000,262.791333,409.180333,17367.010000,96.971767,75.500000,391179.666667,309.530000,707.333333,752.000000,5.000000,257.814667,3.922308,2.036667,6.335692,3.250000,0.103333,13658872.000000,65220216.000000,3.060000,201106566.666667,313813.333333
2012-06-30,8.200000,63.733333,133923.333333,19.066667,228.808000,229.250667,94.321333,264.183333,413.209333,17444.525000,97.587700,76.300000,390450.000000,308.120000,739.333333,774.000000,4.800000,259.450333,3.794615,1.823333,6.413077,3.250000,0.153333,13624911.000000,65284914.000000,2.920000,201487533.333333,314373.333333
2012-09-30,8.033333,63.600000,134337.333333,19.066667,229.841000,230.287333,94.595333,265.456333,417.670667,17469.650000,97.568267,74.966667,393963.666667,312.210000,780.333333,873.000000,4.566667,261.031667,3.553846,1.643333,5.967879,3.250000,0.143333,13588463.000000,67071992.000000,2.820000,201552933.333333,315030.333333
2012-12-31,7.800000,63.700000,134855.666667,19.110000,231.369333,231.359667,95.125667,266.916333,419.633333,17489.852000,98.035700,79.400000,399431.666667,314.670000,908.000000,915.000000,4.666667,263.145667,3.359231,1.706667,5.516563,3.250000,0.160000,13553371.000000,67965871.000000,2.710000,201744466.666667,315684.666667
2013-03-31,7.733333,63.466667,135497.000000,19.190000,232.299333,232.530667,95.459000,268.290000,421.934667,17662.400000,98.773467,76.666667,406591.666667,316.220000,953.333333,952.000000,4.100000,264.917333,3.496923,1.950000,4.903968,3.250000,0.143333,13584497.000000,70689875.000000,2.640000,201877300.000000,316195.333333
2013-06-30,7.533333,63.400000,136082.333333,19.243333,232.045000,233.059333,95.508333,269.835000,423.209000,17709.671000,99.226700,81.666667,406276.333333,321.050000,868.000000,985.666667,4.366667,266.795333,3.672308,1.996667,4.723182,3.250000,0.116667,13598309.000000,71743785.000000,2.530000,202242833.333333,316732.666667
2013-09-30,7.233333,63.266667,136619.333333,19.303333,233.300000,234.305333,95.900667,271.366667,426.822000,17860.450000,99.632233,81.566667,410001.000000,325.600000,882.333333,988.333333,5.466667,268.674000,4.440000,2.710000,4.739385,3.250000,0.083333,13607613.000000,74077739.000000,2.440000,202472700.000000,317396.000000
2013-12-31,6.933333,62.900000,137243.333333,19.400000,234.162667,235.346333,96.254333,273.229333,428.564333,18016.147000,100.305100,76.933333,412924.000000,328.190000,1009.000000,1026.000000,5.033333,270.476333,4.293077,2.746667,4.328030,3.250000,0.086667,13766053.000000,76171567.000000,2.380000,202722066.666667,318072.000000
2014-03-31,6.666667,62.966667,137752.666667,19.480000,235.621000,236.257000,96.696333,275.155000,431.112333,17953.974000,100.990300,80.933333,416509.000000,330.850000,934.000000,1027.333333,5.333333,272.573333,4.364615,2.763333,3.934286,3.250000,0.073333,13828917.000000,77874806.000000,2.320000,202641900.000000,318644.333333
2014-06-30,6.200000,62.833333,138552.666667,19.510000,236.872333,237.479333,97.129000,276.942667,434.236333,18185.911000,102.370467,82.833333,426368.000000,337.280000,987.000000,1039.333333,5.533333,275.029000,4.227692,2.623333,3.645692,3.250000,0.093333,13882362.000000,79924335.000000,2.260000,202920266.666667,319227.666667
2014-09-30,6.066667,62.866667,139301.666667,19.590000,237.478333,238.462000,97.394333,278.700333,436.332000,18406.941000,102.932033,82.966667,429882.333333,342.130000,1030.666667,1066.666667,5.666667,277.377000,4.135385,2.496667,3.891343,3.250000,0.090000,13823837.000000,80518916.000000,2.200000,203136333.333333,319918.333333
2014-12-31,5.700000,62.866667,140083.666667,19.633333,236.888333,239.411000,97.265000,280.511000,439.543333,18500.031000,103.497800,89.766667,431708.666667,344.900000,1049.333333,1075.000000,5.366667,279.646000,3.963571,2.280000,4.683485,3.250000,0.100000,13866231.000000,81942598.000000,2.150000,203358700.000000,320611.333333
2015-03-31,5.533333,62.733333,140772.666667,19.700000,235.355000,240.246000,96.829000,282.527333,441.798333,18666.621000,102.338467,95.500000,429658.000000,348.720000,977.000000,1082.666667,4.800000,282.150000,3.716667,1.966667,4.886563,3.250000,0.110000,13916972.000000,83453691.000000,2.110000,203923033.333333,321168.333333
2015-06-30,5.433333,62.800000,141481.000000,19.843333,236.960000,241.699333,97.312333,284.813667,446.298333,18782.243000,100.931600,94.233333,436762.000000,354.360000,1158.000000,1272.333333,5.100000,284.607333,3.819231,2.166667,4.599687,3.250000,0.123333,14026163.000000,84203163.000000,2.120000,204194733.333333,321744.000000
2015-09-30,5.100000,62.533333,142130.333333,19.990000,237.855000,242.899333,97.564667,287.150333,447.071000,18857.418000,101.004733,90.733333,441219.333333,359.370000,1166.666667,1149.666667,5.366667,287.380000,3.954615,2.220000,5.535758,3.250000,0.136667,14097775.000000,83248914.000000,2.150000,204556466.666667,322427.666667
2015-12-31,5.033333,62.566667,142821.333333,20.063333,237.837000,244.185333,97.490333,289.196667,451.879333,18892.206000,99.613000,91.300000,440381.666667,362.250000,1125.333333,1205.000000,5.400000,289.970667,3.897857,2.190000,6.402424,3.290323,0.160000,14077627.000000,84735052.000000,2.160000,204726700.000000,323110.666667
2016-03-31,4.900000,62.833333,143426.333333,20.200000,237.689333,245.459333,97.538000,291.429333,456.279667,19001.690000,98.971600,91.566667,441479.666667,365.590000,1142.666667,1153.666667,5.533333,292.596000,3.738462,1.920000,7.601562,3.500000,0.360000,14175183.000000,85872237.000000,2.150000,205122700.000000,323689.000000
2016-06-30,4.933333,62.766667,143967.000000,20.420000,239.590333,247.076000,98.157000,293.976000,460.607333,19062.709000,98.647933,92.400000,446660.333333,372.400000,1171.333333,1191.000000,5.133333,295.358000,3.589231,1.753333,6.328182,3.500000,0.373333,14287226.000000,87436139.000000,2.210000,205396700.000000,324265.666667
2016-09-30,4.900000,62.866667,144716.333333,20.530000,240.607333,248.364667,98.495667,296.648333,467.758333,19197.938000,98.864967,90.333333,450930.333333,379.060000,1159.333333,1234.000000,4.900000,298.085333,3.446154,1.563333,5.363881,3.500000,0.396667,14408691.000000,88977173.000000,2.290000,205703466.666667,324925.333333
2016-12-31,4.766667,62.733333,145219.000000,20.593333,242.134667,249.514333,98.946667,299.409333,470.067333,19304.352000,98.710533,93.066667,455681.333333,381.990000,1235.000000,1244.000000,5.266667,301.236333,3.842308,2.130000,4.634615,3.545082,0.450000,14487049.000000,89579829.000000,2.370000,205881966.666667,325557.333333
2017-03-31,4.566667,62.866667,145815.000000,20.643333,243.838667,250.803000,99.524000,301.700000,472.769333,19398.343000,98.713133,97.233333,464123.333333,384.670000,1217.000000,1269.666667,5.233333,304.034667,4.173077,2.443333,3.921250,3.798387,0.700000,14624099.000000,91903030.000000,2.400000,205367366.666667,326052.666667
2017-06-30,4.366667,62.866667,146379.000000,20.793333,244.120000,251.467667,99.724333,303.671333,473.493333,19506.949000,100.170100,96.366667,464386.666667,393.270000,1184.000000,1270.666667,5.266667,306.697667,3.980000,2.263333,3.797538,4.046154,0.950000,14760798.000000,93802154.000000,2.490000,205478033.333333,326554.000000
2017-09-30,4.333333,62.966667,146899.333333,20.956667,245.287000,252.444000,100.076667,306.170333,476.889333,19660.766000,99.864900,95.100000,468944.333333,399.330000,1182.000000,1282.666667,5.733333,309.481333,3.883846,2.243333,3.750455,4.250000,1.153333,14865129.000000,95456126.000000,2.540000,205726466.666667,327140.333333
2017-12-31,4.166667,62.700000,147348.666667,21.126667,247.238333,253.895333,100.675667,308.871000,478.117667,19882.352000,101.251833,98.366667,480214.000000,402.640000,1235.666667,1322.000000,5.300000,312.362333,3.922308,2.370000,3.591846,4.294355,1.203333,15032806.000000,97881475.000000,2.480000,205793333.333333,327691.666667
2018-03-31,4.033333,62.866667,147998.000000,21.326667,249.321667,255.728667,101.379667,311.352333,481.825000,20044.077000,101.792567,98.933333,483185.000000,408.280000,1298.000000,1341.000000,5.633333,315.192667,4.282308,2.760000,3.509063,4.528226,1.446667,15163456.000000,98925472.000000,2.500000,206280900.000000,328091.000000
2018-06-30,3.933333,62.933333,148707.000000,21.450000,250.679000,257.058000,101.912000,313.935667,484.776333,20150.476000,102.977767,98.333333,488780.666667,415.770000,1275.000000,1353.666667,5.633333,317.777667,4.544615,2.920000,3.464545,4.796875,1.736667,15270087.000000,100160458.000000,2.500000,206394066.666667,328525.666667
2018-09-30,3.766667,62.800000,149219.000000,21.533333,251.686333,257.986000,102.254333,316.375667,484.852667,20276.154000,103.832567,98.066667,492698.000000,420.860000,1248.666667,1307.000000,6.366667,320.688333,4.566923,2.926667,3.463030,5.007937,1.923333,15395213.000000,102192384.000000,2.520000,206677733.333333,329039.666667
2018-12-31,3.833333,62.933333,149650.666667,21.760000,252.711000,259.473000,102.642000,318.935333,487.362333,20304.874000,104.049100,98.133333,494794.333333,422.270000,1165.666667,1309.666667,7.066667,323.496000,4.784615,3.033333,4.070615,5.278226,2.220000,15499229.000000,97823020.000000,2.540000,206702800.000000,329521.666667
2019-03-31,3.866667,63.066667,150139.666667,21.906667,253.385667,261.173000,102.851000,321.556333,490.513333,20431.641000,103.038300,94.466667,493827.666667,427.030000,1179.333333,1278.333333,6.300000,326.357667,4.373846,2.653333,4.240312,5.500000,2.403333,15602038.000000,103075629.000000,2.540000,206233200.000000,329868.333333
2019-06-30,3.633333,62.900000,150684.333333,22.040000,255.247333,262.317667,103.426333,324.494333,494.524667,20602.275000,102.367833,98.466667,503111.666667,434.170000,1269.333333,1322.666667,5.866667,329.784000,4.010769,2.333333,4.021846,5.500000,2.396667,15774236.000000,105745409.000000,2.590000,206368233.333333,330245.333333
2019-09-30,3.600000,63.133333,151157.333333,22.193333,256.089333,263.848333,103.675000,327.071333,500.028667,20843.322000,102.290500,93.800000,510311.333333,439.700000,1308.666667,1443.333333,5.666667,332.878667,3.658462,1.796667,4.082388,5.307692,2.190000,15929525.000000,106141861.000000,2.600000,206364600.000000,330728.666667
2019-12-31,3.600000,63.300000,151641.000000,22.370000,257.888000,265.512667,104.082667,329.425333,508.541000,20985.448000,101.688533,97.200000,513576.333333,443.610000,1408.666667,1500.333333,5.400000,335.486667,3.700000,1.793333,3.961077,4.834677,1.643333,16080502.000000,108956260.000000,2.610000,206257766.666667,331208.000000
2020-03-31,3.833333,63.066667,151739.333333,22.516667,258.817667,267.046667,104.444667,332.086667,513.188000,20709.212000,99.938367,96.633333,499591.000000,448.750000,1465.333333,1432.000000,5.900000,338.527333,3.521538,1.376667,5.144308,4.395161,1.260000,16187138.000000,103007237.000000,2.690000,205542166.666667,331545.000000
2020-06-30,13.000000,60.800000,133711.666667,22.693333,256.292000,265.669000,104.016667,334.147333,518.929667,19077.992000,87.371900,74.066667,465838.333333,453.280000,1080.333333,1220.000000,5.366667,340.918667,3.239231,0.686667,7.148923,3.250000,0.060000,16165975.000000,110502588.000000,2.450000,206412633.333333,331765.333333
2020-09-30,8.800000,61.533333,140614.666667,22.883333,259.221667,268.248000,104.835000,335.783667,522.848000,20558.879000,95.649133,75.666667,532780.333333,461.280000,1465.000000,1571.666667,3.466667,342.649333,2.952308,0.650000,5.369848,3.250000,0.093333,16386578.000000,115095731.000000,1.990000,205712466.666667,331938.000000
2020-12-31,6.766667,61.566667,142580.000000,23.083333,261.091667,269.876000,105.369333,337.093000,520.458667,20791.917000,97.394667,79.800000,537201.000000,471.380000,1566.666667,1689.333333,3.766667,343.786000,2.760714,0.863333,4.548636,3.250000,0.090000,16616350.000000,123119696.000000,2.100000,206140433.333333,332111.333333
2021-03-31,6.233333,61.433333,143527.000000,23.340000,263.686333,270.881667,106.567000,338.746333,523.057333,21082.134000,97.627567,80.233333,569234.000000,482.800000,1576.666667,1774.000000,4.400000,345.070333,2.875833,1.316667,3.615846,3.250000,0.080000,16862873.000000,128686055.000000,1.880000,205110366.666667,332055.333333
2021-06-30,5.933333,61.633333,145157.000000,23.623333,268.579667,275.563667,108.184333,341.407333,523.814000,21440.929000,99.263567,85.566667,608731.000000,509.600000,1578.000000,1692.666667,5.366667,347.233667,3.003846,1.593333,3.257500,3.250000,0.070000,17552204.000000,135978973.000000,1.590000,205489533.333333,332217.000000
2021-09-30,5.066667,61.733333,147239.000000,24.013333,272.886333,279.129000,109.654667,344.618000,524.753000,21617.828000,99.717833,74.766667,605673.666667,537.970000,1589.333333,1678.000000,6.266667,350.068333,2.872143,1.323333,3.203433,3.250000,0.090000,17864281.000000,139276230.000000,1.530000,205365866.666667,332634.666667
2021-12-31,4.166667,61.900000,149185.333333,24.253333,278.719333,283.427000,111.484333,348.839333,529.419333,21988.737000,100.541367,69.900000,621128.333333,556.350000,1668.666667,1797.000000,6.100000,354.172667,3.079231,1.536667,3.214394,3.250000,0.080000,18203301.000000,143277903.000000,1.570000,205392300.000000,333112.666667
2022-03-31,3.866667,62.300000,150742.333333,24.613333,284.844667,288.033000,113.581667,353.304667,536.635000,21932.710000,100.794233,63.133333,640212.333333,576.680000,1716.333333,1881.666667,6.200000,359.263667,3.822308,1.940000,3.559063,3.294355,0.120000,18582955.000000,143942074.000000,1.690000,206922200.000000,333475.666667
2022-06-30,3.633333,62.233333,151965.333333,24.926667,291.651000,292.174000,115.658333,358.912667,543.903667,21967.045000,101.263833,57.866667,662051.333333,614.020000,1634.000000,1766.666667,8.733333,365.560333,5.266154,2.930000,4.347231,3.928571,0.770000,18931382.000000,138147732.000000,1.830000,207127366.666667,333978.666667
2022-09-30,3.533333,62.200000,153282.666667,25.150000,295.507667,296.647667,116.986000,366.251667,553.187000,22125.625000,101.203700,56.100000,661656.666667,623.630000,1466.666667,1620.000000,9.800000,373.750000,5.623077,3.106667,4.931493,5.373077,2.190000,19226338.000000,134527205.000000,2.050000,207479900.000000,334652.333333
2022-12-31,3.566667,62.200000,154153.000000,25.543333,298.498333,300.376667,118.175667,373.887333,552.472000,22278.345000,100.658167,58.800000,659964.000000,617.440000,1389.000000,1468.333333,9.200000,382.225000,6.664615,3.830000,4.748923,6.819672,3.653333,19392091.000000,135544910.000000,2.260000,207625766.666667,335381.666667
2023-03-31,3.533333,62.500000,155012.333333,25.860000,301.191667,303.968333,119.308333,381.309000,548.962333,22439.607000,100.722367,64.600000,672492.000000,621.080000,1379.000000,1502.666667,8.066667,390.528333,6.372308,3.646667,4.423906,7.693548,4.516667,19510385.000000,139016002.000000,2.470000,208208966.666667,336018.000000
2023-06-30,3.533333,62.600000,155624.000000,26.160000,303.424333,307.468000,120.190000,387.616000,547.326000,22580.499000,100.767067,62.300000,673837.666667,639.400000,1453.000000,1504.333333,7.433333,397.018000,6.510769,3.593333,4.517077,8.158730,4.990000,19659283.000000,144639598.000000,2.750000,208454600.000000,336685.000000
2023-09-30,3.633333,62.700000,156176.333333,26.506667,306.042333,309.740333,120.998667,393.197333,547.946667,22840.989000,100.922367,69.566667,684194.000000,650.350000,1382.666667,1540.000000,7.666667,402.683000,7.040000,4.150000,3.909242,8.432540,5.260000,19811355.000000,143464902.000000,2.940000,208886500.000000,337500.333333
2023-12-31,3.800000,62.633333,156703.666667,26.870000,308.158333,312.345333,121.545667,398.655000,552.090000,23033.780000,100.645300,64.933333,685917.666667,651.140000,1467.666667,1516.666667,8.333333,408.344667,7.303846,4.440000,3.978000,8.500000,5.330000,19920433.000000,147728505.000000,3.100000,209149233.333333,338360.000000
2024-03-31,3.833333,62.600000,157279.000000,27.333333,310.974333,315.568667,122.622000,404.299333,557.492000,23082.119000,99.988267,78.433333,684459.000000,660.470000,1415.000000,1532.666667,8.200000,413.321667,6.748462,4.160000,3.365000,8.500000,5.330000,20074366.000000,153247906.000000,3.170000,208450466.666667,339119.666667
2024-06-30,3.966667,62.600000,157792.666667,27.626667,313.095667,317.997333,123.409333,409.392000,563.650000,23286.508000,100.666800,71.500000,690941.666667,676.790000,1342.666667,1442.333333,8.200000,417.973000,6.995385,4.443333,3.180152,8.500000,5.330000,20216841.000000,156203654.000000,3.220000,208686066.666667,339929.333333
2024-09-30,4.166667,62.700000,158130.333333,27.933333,314.182667,319.869000,123.929667,414.038333,565.260000,23478.570000,100.071667,68.133333,699643.000000,683.840000,1337.666667,1448.666667,8.000000,422.609333,6.508462,3.946667,3.259851,8.437500,5.263333,20366245.000000,160236177.000000,3.190000,209093333.333333,340636.666667
2024-12-31,4.133333,62.466667,158639.666667,28.206667,316.538667,322.534333,124.703333,418.475667,568.965667,23586.542000,99.696433,72.100000,712563.333333,687.630000,1387.000000,1472.000000,8.733333,426.336667,6.632308,4.283333,2.796667,7.823077,4.650000,20253029.000000,160856237.000000,3.090000,209521966.666667,341163.666667
2025-03-31,4.133333,62.533333,159161.000000,28.700000,319.492000,325.291000,125.759667,422.362333,572.665667,23548.210000,100.734800,64.466667,715263.333333,692.640000,1401.000000,1465.000000,9.166667,430.298667,6.827692,4.453333,2.866984,7.500000,4.330000,20339616.000000,159907604.000000,3.060000,211430700.000000,341590.333333
2025-06-30,4.200000,62.433333,159441.333333,28.863333,320.800333,326.961333,126.424333,426.610000,578.666333,23770.976000,101.190633,55.033333,720307.666667,703.310000,1354.000000,1403.000000,9.066667,434.074000,6.788462,4.360000,3.500154,7.500000,4.330000,20485468.000000,167022819.000000,3.040000,211760600.000000,342034.333333
2025-09-30,4.333333,62.333333,159529.666667,29.140000,323.288000,329.663667,127.292667,430.337000,584.566333,24026.834000,101.752867,58.333333,730539.666667,706.040000,1339.000000,1369.000000,8.500000,437.312000,6.566154,4.256667,2.860448,7.460938,4.293333,20692857.000000,172913999.000000,2.980000,212201633.333333,342555.333333
